id,first_name,last_name,email
21,Wash,Wurst,wwurstk@senate.gov
22,Analise,Penwell,apenwelll@bloglines.com
23,Madelena,Ishak,mishakm@wp.com
24,Chet,Peto,cpeton@nydailynews.com
25,Shaylynn,Greaterex,sgreaterexo@whitehouse.gov
26,Arnoldo,Sandle,asandlep@guardian.co.uk
27,Freddie,Worsnop,fworsnopq@newsvine.com
28,Stillman,Roos,sroosr@webs.com
29,Amber,Nugent,anugents@walmart.com
30,Mallissa,Vinker,mvinkert@ow.ly
