id,first_name,last_name,email
1,Osbert,Rump,orump0@odnoklassniki.ru
2,Wylma,Pepis,wpepis1@auda.org.au
3,Dill,Blazic,dblazic2@princeton.edu
4,Nicolina,Mattersley,nmattersley3@cdbaby.com
5,Corrianne,Pharrow,cpharrow4@census.gov
6,Nolie,Hurcombe,nhurcombe5@weebly.com
7,Jesus,Andrzej,jandrzej6@mac.com
8,Tamma,Gabbitas,tgabbitas7@tripadvisor.com
9,Caro,Kraft,ckraft8@ebay.co.uk
10,Alvira,Chatel,achatel9@github.com