id,first_name,last_name,email
11,Trueman,Golden,tgoldena@marriott.com
12,Leoline,Jinkinson,ljinkinsonb@cdc.gov
13,Solly,McCallam,smccallamc@networkadvertising.org
14,Perl,Dodshun,pdodshund@nsw.gov.au
15,Ferdie,Shortin,fshortine@eepurl.com
16,Waneta,Hessay,whessayf@histats.com
17,Alex,Woolerton,awoolertong@marriott.com
18,Ginger,Woffenden,gwoffendenh@ox.ac.uk
19,Felicle,Duke,fdukei@bbc.co.uk
20,Moina,Colbertson,mcolbertsonj@economist.com